--------------------------------------------------------
--  파일이 생성됨 - 목요일-8월-08-2019   
--------------------------------------------------------
REM INSERTING into CONCEPT.TBL_ANNUAL_SAL
SET DEFINE OFF;
Insert into CONCEPT.TBL_ANNUAL_SAL (EMP_NO,ANNUAL_SAL,BSIC_MONTH_PAY) values (101,15600000,1300000);
Insert into CONCEPT.TBL_ANNUAL_SAL (EMP_NO,ANNUAL_SAL,BSIC_MONTH_PAY) values (102,15840000,1320000);
Insert into CONCEPT.TBL_ANNUAL_SAL (EMP_NO,ANNUAL_SAL,BSIC_MONTH_PAY) values (104,17520000,1460000);
Insert into CONCEPT.TBL_ANNUAL_SAL (EMP_NO,ANNUAL_SAL,BSIC_MONTH_PAY) values (109,16200000,1350000);
Insert into CONCEPT.TBL_ANNUAL_SAL (EMP_NO,ANNUAL_SAL,BSIC_MONTH_PAY) values (111,18360000,1530000);
REM INSERTING into CONCEPT.TBL_APPOINT_RECORD
SET DEFINE OFF;
Insert into CONCEPT.TBL_APPOINT_RECORD (EMP_NO,CAREER_IDX,APPOINT_DATE,ROL_POSITION,DEPT_CODE) values (101,1,to_date('08/03/01','RR/MM/DD'),'사원','30');
Insert into CONCEPT.TBL_APPOINT_RECORD (EMP_NO,CAREER_IDX,APPOINT_DATE,ROL_POSITION,DEPT_CODE) values (101,2,to_date('10/03/01','RR/MM/DD'),'대리','30');
Insert into CONCEPT.TBL_APPOINT_RECORD (EMP_NO,CAREER_IDX,APPOINT_DATE,ROL_POSITION,DEPT_CODE) values (102,1,to_date('08/05/01','RR/MM/DD'),'대리','30');
Insert into CONCEPT.TBL_APPOINT_RECORD (EMP_NO,CAREER_IDX,APPOINT_DATE,ROL_POSITION,DEPT_CODE) values (103,1,to_date('08/12/01','RR/MM/DD'),'사원','20');
Insert into CONCEPT.TBL_APPOINT_RECORD (EMP_NO,CAREER_IDX,APPOINT_DATE,ROL_POSITION,DEPT_CODE) values (103,2,to_date('10/12/01','RR/MM/DD'),'대리','20');
Insert into CONCEPT.TBL_APPOINT_RECORD (EMP_NO,CAREER_IDX,APPOINT_DATE,ROL_POSITION,DEPT_CODE) values (104,1,to_date('03/05/01','RR/MM/DD'),'사원','10');
Insert into CONCEPT.TBL_APPOINT_RECORD (EMP_NO,CAREER_IDX,APPOINT_DATE,ROL_POSITION,DEPT_CODE) values (104,2,to_date('05/05/01','RR/MM/DD'),'대리','10');
Insert into CONCEPT.TBL_APPOINT_RECORD (EMP_NO,CAREER_IDX,APPOINT_DATE,ROL_POSITION,DEPT_CODE) values (104,3,to_date('08/05/01','RR/MM/DD'),'과장','10');
Insert into CONCEPT.TBL_APPOINT_RECORD (EMP_NO,CAREER_IDX,APPOINT_DATE,ROL_POSITION,DEPT_CODE) values (105,1,to_date('04/08/01','RR/MM/DD'),'사원','10');
Insert into CONCEPT.TBL_APPOINT_RECORD (EMP_NO,CAREER_IDX,APPOINT_DATE,ROL_POSITION,DEPT_CODE) values (105,2,to_date('07/08/01','RR/MM/DD'),'대리','10');
Insert into CONCEPT.TBL_APPOINT_RECORD (EMP_NO,CAREER_IDX,APPOINT_DATE,ROL_POSITION,DEPT_CODE) values (105,3,to_date('10/08/01','RR/MM/DD'),'과장','10');
Insert into CONCEPT.TBL_APPOINT_RECORD (EMP_NO,CAREER_IDX,APPOINT_DATE,ROL_POSITION,DEPT_CODE) values (106,1,to_date('05/09/01','RR/MM/DD'),'과장','10');
Insert into CONCEPT.TBL_APPOINT_RECORD (EMP_NO,CAREER_IDX,APPOINT_DATE,ROL_POSITION,DEPT_CODE) values (107,1,to_date('01/10/01','RR/MM/DD'),'차장','30');
Insert into CONCEPT.TBL_APPOINT_RECORD (EMP_NO,CAREER_IDX,APPOINT_DATE,ROL_POSITION,DEPT_CODE) values (108,1,to_date('01/10/01','RR/MM/DD'),'차장','20');
Insert into CONCEPT.TBL_APPOINT_RECORD (EMP_NO,CAREER_IDX,APPOINT_DATE,ROL_POSITION,DEPT_CODE) values (109,1,to_date('07/03/01','RR/MM/DD'),'대리','30');
Insert into CONCEPT.TBL_APPOINT_RECORD (EMP_NO,CAREER_IDX,APPOINT_DATE,ROL_POSITION,DEPT_CODE) values (110,1,to_date('00/03/01','RR/MM/DD'),'차장','10');
Insert into CONCEPT.TBL_APPOINT_RECORD (EMP_NO,CAREER_IDX,APPOINT_DATE,ROL_POSITION,DEPT_CODE) values (111,1,to_date('03/03/01','RR/MM/DD'),'차장','30');
Insert into CONCEPT.TBL_APPOINT_RECORD (EMP_NO,CAREER_IDX,APPOINT_DATE,ROL_POSITION,DEPT_CODE) values (112,1,to_date('04/03/01','RR/MM/DD'),'과장','20');
REM INSERTING into CONCEPT.TBL_CONTRACT_SAL
SET DEFINE OFF;
Insert into CONCEPT.TBL_CONTRACT_SAL (EMP_NO,BSIC_MONTH_PAY) values (103,1300000);
Insert into CONCEPT.TBL_CONTRACT_SAL (EMP_NO,BSIC_MONTH_PAY) values (107,1550000);
Insert into CONCEPT.TBL_CONTRACT_SAL (EMP_NO,BSIC_MONTH_PAY) values (112,1400000);
REM INSERTING into CONCEPT.TBL_DEPT
SET DEFINE OFF;
Insert into CONCEPT.TBL_DEPT (DEPT_CODE,DEPT_NM,REGION) values ('10','인사팀','서울');
Insert into CONCEPT.TBL_DEPT (DEPT_CODE,DEPT_NM,REGION) values ('20','영업팀','대전');
Insert into CONCEPT.TBL_DEPT (DEPT_CODE,DEPT_NM,REGION) values ('30','전산팀','수원');
REM INSERTING into CONCEPT.TBL_EMP
SET DEFINE OFF;
Insert into CONCEPT.TBL_EMP (EMP_NO,EMP_NM,DEPT_CODE,ROL_POSITION,JOIN_DATE,RETIRE_DATE,SAL_TYPE,MONTH_SAL,REG_DATE) values (101,'조동진','30','대리',to_date('08/03/01','RR/MM/DD'),null,'연봉',1400000,to_date('08/03/01','RR/MM/DD'));
Insert into CONCEPT.TBL_EMP (EMP_NO,EMP_NM,DEPT_CODE,ROL_POSITION,JOIN_DATE,RETIRE_DATE,SAL_TYPE,MONTH_SAL,REG_DATE) values (102,'한영애','30','대리',to_date('08/05/01','RR/MM/DD'),to_date('10/12/01','RR/MM/DD'),'연봉',1540000,to_date('08/05/01','RR/MM/DD'));
Insert into CONCEPT.TBL_EMP (EMP_NO,EMP_NM,DEPT_CODE,ROL_POSITION,JOIN_DATE,RETIRE_DATE,SAL_TYPE,MONTH_SAL,REG_DATE) values (103,'조규찬','20','대리',to_date('08/12/01','RR/MM/DD'),null,'금액',1600000,to_date('08/12/01','RR/MM/DD'));
Insert into CONCEPT.TBL_EMP (EMP_NO,EMP_NM,DEPT_CODE,ROL_POSITION,JOIN_DATE,RETIRE_DATE,SAL_TYPE,MONTH_SAL,REG_DATE) values (104,'이상은','10','과장',to_date('03/05/01','RR/MM/DD'),null,'연봉',1680000,to_date('03/05/01','RR/MM/DD'));
Insert into CONCEPT.TBL_EMP (EMP_NO,EMP_NM,DEPT_CODE,ROL_POSITION,JOIN_DATE,RETIRE_DATE,SAL_TYPE,MONTH_SAL,REG_DATE) values (105,'조덕배','10','과장',to_date('04/08/01','RR/MM/DD'),null,'호봉',1540000,to_date('04/08/01','RR/MM/DD'));
Insert into CONCEPT.TBL_EMP (EMP_NO,EMP_NM,DEPT_CODE,ROL_POSITION,JOIN_DATE,RETIRE_DATE,SAL_TYPE,MONTH_SAL,REG_DATE) values (106,'장필순','10','과장',to_date('05/09/01','RR/MM/DD'),null,'호봉',1700000,to_date('05/09/01','RR/MM/DD'));
Insert into CONCEPT.TBL_EMP (EMP_NO,EMP_NM,DEPT_CODE,ROL_POSITION,JOIN_DATE,RETIRE_DATE,SAL_TYPE,MONTH_SAL,REG_DATE) values (107,'오석준','30','차장',to_date('01/10/01','RR/MM/DD'),null,'금액',1770000,to_date('01/10/01','RR/MM/DD'));
Insert into CONCEPT.TBL_EMP (EMP_NO,EMP_NM,DEPT_CODE,ROL_POSITION,JOIN_DATE,RETIRE_DATE,SAL_TYPE,MONTH_SAL,REG_DATE) values (108,'이규석','20','차장',to_date('01/10/01','RR/MM/DD'),null,'호봉',1600000,to_date('01/10/01','RR/MM/DD'));
Insert into CONCEPT.TBL_EMP (EMP_NO,EMP_NM,DEPT_CODE,ROL_POSITION,JOIN_DATE,RETIRE_DATE,SAL_TYPE,MONTH_SAL,REG_DATE) values (109,'전수경','30','대리',to_date('07/03/01','RR/MM/DD'),null,'연봉',1470000,to_date('07/03/01','RR/MM/DD'));
Insert into CONCEPT.TBL_EMP (EMP_NO,EMP_NM,DEPT_CODE,ROL_POSITION,JOIN_DATE,RETIRE_DATE,SAL_TYPE,MONTH_SAL,REG_DATE) values (110,'이선희','10','차장',to_date('00/03/01','RR/MM/DD'),to_date('07/12/01','RR/MM/DD'),'호봉',1790000,to_date('00/03/01','RR/MM/DD'));
Insert into CONCEPT.TBL_EMP (EMP_NO,EMP_NM,DEPT_CODE,ROL_POSITION,JOIN_DATE,RETIRE_DATE,SAL_TYPE,MONTH_SAL,REG_DATE) values (111,'김창완','30','차장',to_date('03/03/01','RR/MM/DD'),null,'연봉',1530000,to_date('03/03/01','RR/MM/DD'));
Insert into CONCEPT.TBL_EMP (EMP_NO,EMP_NM,DEPT_CODE,ROL_POSITION,JOIN_DATE,RETIRE_DATE,SAL_TYPE,MONTH_SAL,REG_DATE) values (112,'이현우','20','과장',to_date('04/03/01','RR/MM/DD'),null,'금액',1500000,to_date('04/03/01','RR/MM/DD'));
REM INSERTING into CONCEPT.TBL_ETC_SAL
SET DEFINE OFF;
Insert into CONCEPT.TBL_ETC_SAL (EMP_NO,ETC_BSIC_PAY_YN,ETC_BSIC_PAY,ETC_SPCL_PAY_YN,ETC_SPCL_PAY,BONUS_PAY_YN,BONUS_PAY) values (101,'Y',100000,null,null,null,null);
Insert into CONCEPT.TBL_ETC_SAL (EMP_NO,ETC_BSIC_PAY_YN,ETC_BSIC_PAY,ETC_SPCL_PAY_YN,ETC_SPCL_PAY,BONUS_PAY_YN,BONUS_PAY) values (102,'Y',100000,'Y',120000,null,null);
Insert into CONCEPT.TBL_ETC_SAL (EMP_NO,ETC_BSIC_PAY_YN,ETC_BSIC_PAY,ETC_SPCL_PAY_YN,ETC_SPCL_PAY,BONUS_PAY_YN,BONUS_PAY) values (103,'Y',100000,null,null,'Y',200000);
Insert into CONCEPT.TBL_ETC_SAL (EMP_NO,ETC_BSIC_PAY_YN,ETC_BSIC_PAY,ETC_SPCL_PAY_YN,ETC_SPCL_PAY,BONUS_PAY_YN,BONUS_PAY) values (104,'Y',100000,'Y',120000,null,null);
Insert into CONCEPT.TBL_ETC_SAL (EMP_NO,ETC_BSIC_PAY_YN,ETC_BSIC_PAY,ETC_SPCL_PAY_YN,ETC_SPCL_PAY,BONUS_PAY_YN,BONUS_PAY) values (105,'Y',100000,null,null,null,null);
Insert into CONCEPT.TBL_ETC_SAL (EMP_NO,ETC_BSIC_PAY_YN,ETC_BSIC_PAY,ETC_SPCL_PAY_YN,ETC_SPCL_PAY,BONUS_PAY_YN,BONUS_PAY) values (106,'Y',100000,null,null,'Y',200000);
Insert into CONCEPT.TBL_ETC_SAL (EMP_NO,ETC_BSIC_PAY_YN,ETC_BSIC_PAY,ETC_SPCL_PAY_YN,ETC_SPCL_PAY,BONUS_PAY_YN,BONUS_PAY) values (107,'Y',100000,'Y',120000,null,null);
Insert into CONCEPT.TBL_ETC_SAL (EMP_NO,ETC_BSIC_PAY_YN,ETC_BSIC_PAY,ETC_SPCL_PAY_YN,ETC_SPCL_PAY,BONUS_PAY_YN,BONUS_PAY) values (108,'Y',100000,null,null,null,null);
Insert into CONCEPT.TBL_ETC_SAL (EMP_NO,ETC_BSIC_PAY_YN,ETC_BSIC_PAY,ETC_SPCL_PAY_YN,ETC_SPCL_PAY,BONUS_PAY_YN,BONUS_PAY) values (109,null,null,'Y',120000,null,null);
Insert into CONCEPT.TBL_ETC_SAL (EMP_NO,ETC_BSIC_PAY_YN,ETC_BSIC_PAY,ETC_SPCL_PAY_YN,ETC_SPCL_PAY,BONUS_PAY_YN,BONUS_PAY) values (110,null,null,null,null,'Y',200000);
Insert into CONCEPT.TBL_ETC_SAL (EMP_NO,ETC_BSIC_PAY_YN,ETC_BSIC_PAY,ETC_SPCL_PAY_YN,ETC_SPCL_PAY,BONUS_PAY_YN,BONUS_PAY) values (112,'Y',100000,null,null,null,null);
REM INSERTING into CONCEPT.TBL_PAYROLL
SET DEFINE OFF;
REM INSERTING into CONCEPT.TBL_PAY_RECORD
SET DEFINE OFF;
Insert into CONCEPT.TBL_PAY_RECORD (SAL_MONTH,EMP_NO,MONTH_SAL,BSIC_PAY,"수당",BONUS_PAY) values ('201001',101,1400000,1300000,100000,null);
Insert into CONCEPT.TBL_PAY_RECORD (SAL_MONTH,EMP_NO,MONTH_SAL,BSIC_PAY,"수당",BONUS_PAY) values ('201001',102,1540000,1320000,220000,null);
Insert into CONCEPT.TBL_PAY_RECORD (SAL_MONTH,EMP_NO,MONTH_SAL,BSIC_PAY,"수당",BONUS_PAY) values ('201001',103,1600000,1300000,100000,200000);
Insert into CONCEPT.TBL_PAY_RECORD (SAL_MONTH,EMP_NO,MONTH_SAL,BSIC_PAY,"수당",BONUS_PAY) values ('201001',104,1680000,1460000,220000,null);
Insert into CONCEPT.TBL_PAY_RECORD (SAL_MONTH,EMP_NO,MONTH_SAL,BSIC_PAY,"수당",BONUS_PAY) values ('201001',105,1540000,1440000,100000,null);
Insert into CONCEPT.TBL_PAY_RECORD (SAL_MONTH,EMP_NO,MONTH_SAL,BSIC_PAY,"수당",BONUS_PAY) values ('201001',106,1700000,1400000,100000,200000);
Insert into CONCEPT.TBL_PAY_RECORD (SAL_MONTH,EMP_NO,MONTH_SAL,BSIC_PAY,"수당",BONUS_PAY) values ('201001',107,1770000,1550000,220000,null);
Insert into CONCEPT.TBL_PAY_RECORD (SAL_MONTH,EMP_NO,MONTH_SAL,BSIC_PAY,"수당",BONUS_PAY) values ('201001',108,1600000,1500000,100000,null);
Insert into CONCEPT.TBL_PAY_RECORD (SAL_MONTH,EMP_NO,MONTH_SAL,BSIC_PAY,"수당",BONUS_PAY) values ('201001',109,1470000,1350000,120000,null);
Insert into CONCEPT.TBL_PAY_RECORD (SAL_MONTH,EMP_NO,MONTH_SAL,BSIC_PAY,"수당",BONUS_PAY) values ('201001',111,1530000,1530000,null,null);
Insert into CONCEPT.TBL_PAY_RECORD (SAL_MONTH,EMP_NO,MONTH_SAL,BSIC_PAY,"수당",BONUS_PAY) values ('201001',112,1500000,1400000,100000,null);
Insert into CONCEPT.TBL_PAY_RECORD (SAL_MONTH,EMP_NO,MONTH_SAL,BSIC_PAY,"수당",BONUS_PAY) values ('201002',101,1400000,1300000,100000,null);
Insert into CONCEPT.TBL_PAY_RECORD (SAL_MONTH,EMP_NO,MONTH_SAL,BSIC_PAY,"수당",BONUS_PAY) values ('201002',102,1540000,1320000,220000,null);
Insert into CONCEPT.TBL_PAY_RECORD (SAL_MONTH,EMP_NO,MONTH_SAL,BSIC_PAY,"수당",BONUS_PAY) values ('201002',103,1600000,1300000,100000,200000);
Insert into CONCEPT.TBL_PAY_RECORD (SAL_MONTH,EMP_NO,MONTH_SAL,BSIC_PAY,"수당",BONUS_PAY) values ('201002',104,1680000,1460000,220000,null);
Insert into CONCEPT.TBL_PAY_RECORD (SAL_MONTH,EMP_NO,MONTH_SAL,BSIC_PAY,"수당",BONUS_PAY) values ('201002',105,1540000,1440000,100000,null);
Insert into CONCEPT.TBL_PAY_RECORD (SAL_MONTH,EMP_NO,MONTH_SAL,BSIC_PAY,"수당",BONUS_PAY) values ('201002',106,1700000,1400000,100000,200000);
Insert into CONCEPT.TBL_PAY_RECORD (SAL_MONTH,EMP_NO,MONTH_SAL,BSIC_PAY,"수당",BONUS_PAY) values ('201002',107,1770000,1550000,220000,null);
Insert into CONCEPT.TBL_PAY_RECORD (SAL_MONTH,EMP_NO,MONTH_SAL,BSIC_PAY,"수당",BONUS_PAY) values ('201002',108,1600000,1500000,100000,null);
Insert into CONCEPT.TBL_PAY_RECORD (SAL_MONTH,EMP_NO,MONTH_SAL,BSIC_PAY,"수당",BONUS_PAY) values ('201002',109,1470000,1350000,120000,null);
Insert into CONCEPT.TBL_PAY_RECORD (SAL_MONTH,EMP_NO,MONTH_SAL,BSIC_PAY,"수당",BONUS_PAY) values ('201002',111,1530000,1530000,null,null);
Insert into CONCEPT.TBL_PAY_RECORD (SAL_MONTH,EMP_NO,MONTH_SAL,BSIC_PAY,"수당",BONUS_PAY) values ('201002',112,1500000,1400000,100000,null);
Insert into CONCEPT.TBL_PAY_RECORD (SAL_MONTH,EMP_NO,MONTH_SAL,BSIC_PAY,"수당",BONUS_PAY) values ('201003',101,1400000,1300000,100000,null);
Insert into CONCEPT.TBL_PAY_RECORD (SAL_MONTH,EMP_NO,MONTH_SAL,BSIC_PAY,"수당",BONUS_PAY) values ('201003',102,1540000,1320000,220000,null);
Insert into CONCEPT.TBL_PAY_RECORD (SAL_MONTH,EMP_NO,MONTH_SAL,BSIC_PAY,"수당",BONUS_PAY) values ('201003',103,1600000,1300000,100000,200000);
Insert into CONCEPT.TBL_PAY_RECORD (SAL_MONTH,EMP_NO,MONTH_SAL,BSIC_PAY,"수당",BONUS_PAY) values ('201003',104,1680000,1460000,220000,null);
Insert into CONCEPT.TBL_PAY_RECORD (SAL_MONTH,EMP_NO,MONTH_SAL,BSIC_PAY,"수당",BONUS_PAY) values ('201003',105,1540000,1440000,100000,null);
Insert into CONCEPT.TBL_PAY_RECORD (SAL_MONTH,EMP_NO,MONTH_SAL,BSIC_PAY,"수당",BONUS_PAY) values ('201003',106,1700000,1400000,100000,200000);
Insert into CONCEPT.TBL_PAY_RECORD (SAL_MONTH,EMP_NO,MONTH_SAL,BSIC_PAY,"수당",BONUS_PAY) values ('201003',107,1770000,1550000,220000,null);
Insert into CONCEPT.TBL_PAY_RECORD (SAL_MONTH,EMP_NO,MONTH_SAL,BSIC_PAY,"수당",BONUS_PAY) values ('201003',108,1600000,1500000,100000,null);
Insert into CONCEPT.TBL_PAY_RECORD (SAL_MONTH,EMP_NO,MONTH_SAL,BSIC_PAY,"수당",BONUS_PAY) values ('201003',109,1470000,1350000,120000,null);
Insert into CONCEPT.TBL_PAY_RECORD (SAL_MONTH,EMP_NO,MONTH_SAL,BSIC_PAY,"수당",BONUS_PAY) values ('201003',111,1530000,1530000,null,null);
Insert into CONCEPT.TBL_PAY_RECORD (SAL_MONTH,EMP_NO,MONTH_SAL,BSIC_PAY,"수당",BONUS_PAY) values ('201003',112,1500000,1400000,100000,null);
Insert into CONCEPT.TBL_PAY_RECORD (SAL_MONTH,EMP_NO,MONTH_SAL,BSIC_PAY,"수당",BONUS_PAY) values ('201004',101,1400000,1300000,100000,null);
Insert into CONCEPT.TBL_PAY_RECORD (SAL_MONTH,EMP_NO,MONTH_SAL,BSIC_PAY,"수당",BONUS_PAY) values ('201004',102,1540000,1320000,220000,null);
Insert into CONCEPT.TBL_PAY_RECORD (SAL_MONTH,EMP_NO,MONTH_SAL,BSIC_PAY,"수당",BONUS_PAY) values ('201004',103,1600000,1300000,100000,200000);
Insert into CONCEPT.TBL_PAY_RECORD (SAL_MONTH,EMP_NO,MONTH_SAL,BSIC_PAY,"수당",BONUS_PAY) values ('201004',104,1680000,1460000,220000,null);
Insert into CONCEPT.TBL_PAY_RECORD (SAL_MONTH,EMP_NO,MONTH_SAL,BSIC_PAY,"수당",BONUS_PAY) values ('201004',105,1540000,1440000,100000,null);
Insert into CONCEPT.TBL_PAY_RECORD (SAL_MONTH,EMP_NO,MONTH_SAL,BSIC_PAY,"수당",BONUS_PAY) values ('201004',106,1700000,1400000,100000,200000);
Insert into CONCEPT.TBL_PAY_RECORD (SAL_MONTH,EMP_NO,MONTH_SAL,BSIC_PAY,"수당",BONUS_PAY) values ('201004',107,1770000,1550000,220000,null);
Insert into CONCEPT.TBL_PAY_RECORD (SAL_MONTH,EMP_NO,MONTH_SAL,BSIC_PAY,"수당",BONUS_PAY) values ('201004',108,1600000,1500000,100000,null);
Insert into CONCEPT.TBL_PAY_RECORD (SAL_MONTH,EMP_NO,MONTH_SAL,BSIC_PAY,"수당",BONUS_PAY) values ('201004',109,1470000,1350000,120000,null);
Insert into CONCEPT.TBL_PAY_RECORD (SAL_MONTH,EMP_NO,MONTH_SAL,BSIC_PAY,"수당",BONUS_PAY) values ('201004',111,1530000,1530000,null,null);
Insert into CONCEPT.TBL_PAY_RECORD (SAL_MONTH,EMP_NO,MONTH_SAL,BSIC_PAY,"수당",BONUS_PAY) values ('201004',112,1500000,1400000,100000,null);
Insert into CONCEPT.TBL_PAY_RECORD (SAL_MONTH,EMP_NO,MONTH_SAL,BSIC_PAY,"수당",BONUS_PAY) values ('201005',101,1400000,1300000,100000,null);
Insert into CONCEPT.TBL_PAY_RECORD (SAL_MONTH,EMP_NO,MONTH_SAL,BSIC_PAY,"수당",BONUS_PAY) values ('201005',102,1540000,1320000,220000,null);
Insert into CONCEPT.TBL_PAY_RECORD (SAL_MONTH,EMP_NO,MONTH_SAL,BSIC_PAY,"수당",BONUS_PAY) values ('201005',103,1600000,1300000,100000,200000);
Insert into CONCEPT.TBL_PAY_RECORD (SAL_MONTH,EMP_NO,MONTH_SAL,BSIC_PAY,"수당",BONUS_PAY) values ('201005',104,1680000,1460000,220000,null);
Insert into CONCEPT.TBL_PAY_RECORD (SAL_MONTH,EMP_NO,MONTH_SAL,BSIC_PAY,"수당",BONUS_PAY) values ('201005',105,1540000,1440000,100000,null);
Insert into CONCEPT.TBL_PAY_RECORD (SAL_MONTH,EMP_NO,MONTH_SAL,BSIC_PAY,"수당",BONUS_PAY) values ('201005',106,1700000,1400000,100000,200000);
Insert into CONCEPT.TBL_PAY_RECORD (SAL_MONTH,EMP_NO,MONTH_SAL,BSIC_PAY,"수당",BONUS_PAY) values ('201005',107,1770000,1550000,220000,null);
Insert into CONCEPT.TBL_PAY_RECORD (SAL_MONTH,EMP_NO,MONTH_SAL,BSIC_PAY,"수당",BONUS_PAY) values ('201005',108,1600000,1500000,100000,null);
Insert into CONCEPT.TBL_PAY_RECORD (SAL_MONTH,EMP_NO,MONTH_SAL,BSIC_PAY,"수당",BONUS_PAY) values ('201005',109,1470000,1350000,120000,null);
Insert into CONCEPT.TBL_PAY_RECORD (SAL_MONTH,EMP_NO,MONTH_SAL,BSIC_PAY,"수당",BONUS_PAY) values ('201005',111,1530000,1530000,null,null);
Insert into CONCEPT.TBL_PAY_RECORD (SAL_MONTH,EMP_NO,MONTH_SAL,BSIC_PAY,"수당",BONUS_PAY) values ('201005',112,1500000,1400000,100000,null);
Insert into CONCEPT.TBL_PAY_RECORD (SAL_MONTH,EMP_NO,MONTH_SAL,BSIC_PAY,"수당",BONUS_PAY) values ('201006',101,1400000,1300000,100000,null);
Insert into CONCEPT.TBL_PAY_RECORD (SAL_MONTH,EMP_NO,MONTH_SAL,BSIC_PAY,"수당",BONUS_PAY) values ('201006',102,1540000,1320000,220000,null);
Insert into CONCEPT.TBL_PAY_RECORD (SAL_MONTH,EMP_NO,MONTH_SAL,BSIC_PAY,"수당",BONUS_PAY) values ('201006',103,1600000,1300000,100000,200000);
Insert into CONCEPT.TBL_PAY_RECORD (SAL_MONTH,EMP_NO,MONTH_SAL,BSIC_PAY,"수당",BONUS_PAY) values ('201006',104,1680000,1460000,220000,null);
Insert into CONCEPT.TBL_PAY_RECORD (SAL_MONTH,EMP_NO,MONTH_SAL,BSIC_PAY,"수당",BONUS_PAY) values ('201006',105,1540000,1440000,100000,null);
Insert into CONCEPT.TBL_PAY_RECORD (SAL_MONTH,EMP_NO,MONTH_SAL,BSIC_PAY,"수당",BONUS_PAY) values ('201006',106,1700000,1400000,100000,200000);
Insert into CONCEPT.TBL_PAY_RECORD (SAL_MONTH,EMP_NO,MONTH_SAL,BSIC_PAY,"수당",BONUS_PAY) values ('201006',107,1770000,1550000,220000,null);
Insert into CONCEPT.TBL_PAY_RECORD (SAL_MONTH,EMP_NO,MONTH_SAL,BSIC_PAY,"수당",BONUS_PAY) values ('201006',108,1600000,1500000,100000,null);
Insert into CONCEPT.TBL_PAY_RECORD (SAL_MONTH,EMP_NO,MONTH_SAL,BSIC_PAY,"수당",BONUS_PAY) values ('201006',109,1470000,1350000,120000,null);
Insert into CONCEPT.TBL_PAY_RECORD (SAL_MONTH,EMP_NO,MONTH_SAL,BSIC_PAY,"수당",BONUS_PAY) values ('201006',111,1530000,1530000,null,null);
Insert into CONCEPT.TBL_PAY_RECORD (SAL_MONTH,EMP_NO,MONTH_SAL,BSIC_PAY,"수당",BONUS_PAY) values ('201006',112,1500000,1400000,100000,null);
Insert into CONCEPT.TBL_PAY_RECORD (SAL_MONTH,EMP_NO,MONTH_SAL,BSIC_PAY,"수당",BONUS_PAY) values ('201007',101,1400000,1300000,100000,null);
Insert into CONCEPT.TBL_PAY_RECORD (SAL_MONTH,EMP_NO,MONTH_SAL,BSIC_PAY,"수당",BONUS_PAY) values ('201007',102,1540000,1320000,220000,null);
Insert into CONCEPT.TBL_PAY_RECORD (SAL_MONTH,EMP_NO,MONTH_SAL,BSIC_PAY,"수당",BONUS_PAY) values ('201007',103,1600000,1300000,100000,200000);
Insert into CONCEPT.TBL_PAY_RECORD (SAL_MONTH,EMP_NO,MONTH_SAL,BSIC_PAY,"수당",BONUS_PAY) values ('201007',104,1680000,1460000,220000,null);
Insert into CONCEPT.TBL_PAY_RECORD (SAL_MONTH,EMP_NO,MONTH_SAL,BSIC_PAY,"수당",BONUS_PAY) values ('201007',105,1540000,1440000,100000,null);
Insert into CONCEPT.TBL_PAY_RECORD (SAL_MONTH,EMP_NO,MONTH_SAL,BSIC_PAY,"수당",BONUS_PAY) values ('201007',106,1700000,1400000,100000,200000);
Insert into CONCEPT.TBL_PAY_RECORD (SAL_MONTH,EMP_NO,MONTH_SAL,BSIC_PAY,"수당",BONUS_PAY) values ('201007',107,1770000,1550000,220000,null);
Insert into CONCEPT.TBL_PAY_RECORD (SAL_MONTH,EMP_NO,MONTH_SAL,BSIC_PAY,"수당",BONUS_PAY) values ('201007',108,1600000,1500000,100000,null);
Insert into CONCEPT.TBL_PAY_RECORD (SAL_MONTH,EMP_NO,MONTH_SAL,BSIC_PAY,"수당",BONUS_PAY) values ('201007',109,1470000,1350000,120000,null);
Insert into CONCEPT.TBL_PAY_RECORD (SAL_MONTH,EMP_NO,MONTH_SAL,BSIC_PAY,"수당",BONUS_PAY) values ('201007',111,1530000,1530000,null,null);
Insert into CONCEPT.TBL_PAY_RECORD (SAL_MONTH,EMP_NO,MONTH_SAL,BSIC_PAY,"수당",BONUS_PAY) values ('201007',112,1500000,1400000,100000,null);
Insert into CONCEPT.TBL_PAY_RECORD (SAL_MONTH,EMP_NO,MONTH_SAL,BSIC_PAY,"수당",BONUS_PAY) values ('201008',101,1400000,1300000,100000,null);
Insert into CONCEPT.TBL_PAY_RECORD (SAL_MONTH,EMP_NO,MONTH_SAL,BSIC_PAY,"수당",BONUS_PAY) values ('201008',102,1540000,1320000,220000,null);
Insert into CONCEPT.TBL_PAY_RECORD (SAL_MONTH,EMP_NO,MONTH_SAL,BSIC_PAY,"수당",BONUS_PAY) values ('201008',103,1600000,1300000,100000,200000);
Insert into CONCEPT.TBL_PAY_RECORD (SAL_MONTH,EMP_NO,MONTH_SAL,BSIC_PAY,"수당",BONUS_PAY) values ('201008',104,1680000,1460000,220000,null);
Insert into CONCEPT.TBL_PAY_RECORD (SAL_MONTH,EMP_NO,MONTH_SAL,BSIC_PAY,"수당",BONUS_PAY) values ('201008',105,1540000,1440000,100000,null);
Insert into CONCEPT.TBL_PAY_RECORD (SAL_MONTH,EMP_NO,MONTH_SAL,BSIC_PAY,"수당",BONUS_PAY) values ('201008',106,1700000,1400000,100000,200000);
Insert into CONCEPT.TBL_PAY_RECORD (SAL_MONTH,EMP_NO,MONTH_SAL,BSIC_PAY,"수당",BONUS_PAY) values ('201008',107,1770000,1550000,220000,null);
Insert into CONCEPT.TBL_PAY_RECORD (SAL_MONTH,EMP_NO,MONTH_SAL,BSIC_PAY,"수당",BONUS_PAY) values ('201008',108,1600000,1500000,100000,null);
Insert into CONCEPT.TBL_PAY_RECORD (SAL_MONTH,EMP_NO,MONTH_SAL,BSIC_PAY,"수당",BONUS_PAY) values ('201008',109,1470000,1350000,120000,null);
Insert into CONCEPT.TBL_PAY_RECORD (SAL_MONTH,EMP_NO,MONTH_SAL,BSIC_PAY,"수당",BONUS_PAY) values ('201008',111,1530000,1530000,null,null);
Insert into CONCEPT.TBL_PAY_RECORD (SAL_MONTH,EMP_NO,MONTH_SAL,BSIC_PAY,"수당",BONUS_PAY) values ('201008',112,1500000,1400000,100000,null);
Insert into CONCEPT.TBL_PAY_RECORD (SAL_MONTH,EMP_NO,MONTH_SAL,BSIC_PAY,"수당",BONUS_PAY) values ('201009',101,1400000,1300000,100000,null);
Insert into CONCEPT.TBL_PAY_RECORD (SAL_MONTH,EMP_NO,MONTH_SAL,BSIC_PAY,"수당",BONUS_PAY) values ('201009',102,1540000,1320000,220000,null);
Insert into CONCEPT.TBL_PAY_RECORD (SAL_MONTH,EMP_NO,MONTH_SAL,BSIC_PAY,"수당",BONUS_PAY) values ('201009',103,1600000,1300000,100000,200000);
Insert into CONCEPT.TBL_PAY_RECORD (SAL_MONTH,EMP_NO,MONTH_SAL,BSIC_PAY,"수당",BONUS_PAY) values ('201009',104,1680000,1460000,220000,null);
Insert into CONCEPT.TBL_PAY_RECORD (SAL_MONTH,EMP_NO,MONTH_SAL,BSIC_PAY,"수당",BONUS_PAY) values ('201009',105,1540000,1440000,100000,null);
Insert into CONCEPT.TBL_PAY_RECORD (SAL_MONTH,EMP_NO,MONTH_SAL,BSIC_PAY,"수당",BONUS_PAY) values ('201009',106,1700000,1400000,100000,200000);
Insert into CONCEPT.TBL_PAY_RECORD (SAL_MONTH,EMP_NO,MONTH_SAL,BSIC_PAY,"수당",BONUS_PAY) values ('201009',107,1770000,1550000,220000,null);
Insert into CONCEPT.TBL_PAY_RECORD (SAL_MONTH,EMP_NO,MONTH_SAL,BSIC_PAY,"수당",BONUS_PAY) values ('201009',108,1600000,1500000,100000,null);
Insert into CONCEPT.TBL_PAY_RECORD (SAL_MONTH,EMP_NO,MONTH_SAL,BSIC_PAY,"수당",BONUS_PAY) values ('201009',109,1470000,1350000,120000,null);
Insert into CONCEPT.TBL_PAY_RECORD (SAL_MONTH,EMP_NO,MONTH_SAL,BSIC_PAY,"수당",BONUS_PAY) values ('201009',111,1530000,1530000,null,null);
Insert into CONCEPT.TBL_PAY_RECORD (SAL_MONTH,EMP_NO,MONTH_SAL,BSIC_PAY,"수당",BONUS_PAY) values ('201009',112,1500000,1400000,100000,null);
Insert into CONCEPT.TBL_PAY_RECORD (SAL_MONTH,EMP_NO,MONTH_SAL,BSIC_PAY,"수당",BONUS_PAY) values ('201010',101,1400000,1300000,100000,null);
Insert into CONCEPT.TBL_PAY_RECORD (SAL_MONTH,EMP_NO,MONTH_SAL,BSIC_PAY,"수당",BONUS_PAY) values ('201010',102,1540000,1320000,220000,null);
Insert into CONCEPT.TBL_PAY_RECORD (SAL_MONTH,EMP_NO,MONTH_SAL,BSIC_PAY,"수당",BONUS_PAY) values ('201010',103,1600000,1300000,100000,200000);
Insert into CONCEPT.TBL_PAY_RECORD (SAL_MONTH,EMP_NO,MONTH_SAL,BSIC_PAY,"수당",BONUS_PAY) values ('201010',104,1680000,1460000,220000,null);
Insert into CONCEPT.TBL_PAY_RECORD (SAL_MONTH,EMP_NO,MONTH_SAL,BSIC_PAY,"수당",BONUS_PAY) values ('201010',105,1540000,1440000,100000,null);
Insert into CONCEPT.TBL_PAY_RECORD (SAL_MONTH,EMP_NO,MONTH_SAL,BSIC_PAY,"수당",BONUS_PAY) values ('201010',106,1700000,1400000,100000,200000);
Insert into CONCEPT.TBL_PAY_RECORD (SAL_MONTH,EMP_NO,MONTH_SAL,BSIC_PAY,"수당",BONUS_PAY) values ('201010',107,1770000,1550000,220000,null);
Insert into CONCEPT.TBL_PAY_RECORD (SAL_MONTH,EMP_NO,MONTH_SAL,BSIC_PAY,"수당",BONUS_PAY) values ('201010',108,1600000,1500000,100000,null);
Insert into CONCEPT.TBL_PAY_RECORD (SAL_MONTH,EMP_NO,MONTH_SAL,BSIC_PAY,"수당",BONUS_PAY) values ('201010',109,1470000,1350000,120000,null);
Insert into CONCEPT.TBL_PAY_RECORD (SAL_MONTH,EMP_NO,MONTH_SAL,BSIC_PAY,"수당",BONUS_PAY) values ('201010',111,1530000,1530000,null,null);
Insert into CONCEPT.TBL_PAY_RECORD (SAL_MONTH,EMP_NO,MONTH_SAL,BSIC_PAY,"수당",BONUS_PAY) values ('201010',112,1500000,1400000,100000,null);
Insert into CONCEPT.TBL_PAY_RECORD (SAL_MONTH,EMP_NO,MONTH_SAL,BSIC_PAY,"수당",BONUS_PAY) values ('201011',101,1400000,1300000,100000,null);
Insert into CONCEPT.TBL_PAY_RECORD (SAL_MONTH,EMP_NO,MONTH_SAL,BSIC_PAY,"수당",BONUS_PAY) values ('201011',102,1540000,1320000,220000,null);
Insert into CONCEPT.TBL_PAY_RECORD (SAL_MONTH,EMP_NO,MONTH_SAL,BSIC_PAY,"수당",BONUS_PAY) values ('201011',103,1600000,1300000,100000,200000);
Insert into CONCEPT.TBL_PAY_RECORD (SAL_MONTH,EMP_NO,MONTH_SAL,BSIC_PAY,"수당",BONUS_PAY) values ('201011',104,1680000,1460000,220000,null);
Insert into CONCEPT.TBL_PAY_RECORD (SAL_MONTH,EMP_NO,MONTH_SAL,BSIC_PAY,"수당",BONUS_PAY) values ('201011',105,1540000,1440000,100000,null);
Insert into CONCEPT.TBL_PAY_RECORD (SAL_MONTH,EMP_NO,MONTH_SAL,BSIC_PAY,"수당",BONUS_PAY) values ('201011',106,1700000,1400000,100000,200000);
Insert into CONCEPT.TBL_PAY_RECORD (SAL_MONTH,EMP_NO,MONTH_SAL,BSIC_PAY,"수당",BONUS_PAY) values ('201011',107,1770000,1550000,220000,null);
Insert into CONCEPT.TBL_PAY_RECORD (SAL_MONTH,EMP_NO,MONTH_SAL,BSIC_PAY,"수당",BONUS_PAY) values ('201011',108,1600000,1500000,100000,null);
Insert into CONCEPT.TBL_PAY_RECORD (SAL_MONTH,EMP_NO,MONTH_SAL,BSIC_PAY,"수당",BONUS_PAY) values ('201011',109,1470000,1350000,120000,null);
Insert into CONCEPT.TBL_PAY_RECORD (SAL_MONTH,EMP_NO,MONTH_SAL,BSIC_PAY,"수당",BONUS_PAY) values ('201011',111,1530000,1530000,null,null);
Insert into CONCEPT.TBL_PAY_RECORD (SAL_MONTH,EMP_NO,MONTH_SAL,BSIC_PAY,"수당",BONUS_PAY) values ('201011',112,1500000,1400000,100000,null);
Insert into CONCEPT.TBL_PAY_RECORD (SAL_MONTH,EMP_NO,MONTH_SAL,BSIC_PAY,"수당",BONUS_PAY) values ('201012',101,1400000,1300000,100000,null);
Insert into CONCEPT.TBL_PAY_RECORD (SAL_MONTH,EMP_NO,MONTH_SAL,BSIC_PAY,"수당",BONUS_PAY) values ('201012',103,1600000,1300000,100000,200000);
Insert into CONCEPT.TBL_PAY_RECORD (SAL_MONTH,EMP_NO,MONTH_SAL,BSIC_PAY,"수당",BONUS_PAY) values ('201012',104,1680000,1460000,220000,null);
Insert into CONCEPT.TBL_PAY_RECORD (SAL_MONTH,EMP_NO,MONTH_SAL,BSIC_PAY,"수당",BONUS_PAY) values ('201012',105,1540000,1440000,100000,null);
Insert into CONCEPT.TBL_PAY_RECORD (SAL_MONTH,EMP_NO,MONTH_SAL,BSIC_PAY,"수당",BONUS_PAY) values ('201012',106,1700000,1400000,100000,200000);
Insert into CONCEPT.TBL_PAY_RECORD (SAL_MONTH,EMP_NO,MONTH_SAL,BSIC_PAY,"수당",BONUS_PAY) values ('201012',107,1770000,1550000,220000,null);
Insert into CONCEPT.TBL_PAY_RECORD (SAL_MONTH,EMP_NO,MONTH_SAL,BSIC_PAY,"수당",BONUS_PAY) values ('201012',108,1600000,1500000,100000,null);
Insert into CONCEPT.TBL_PAY_RECORD (SAL_MONTH,EMP_NO,MONTH_SAL,BSIC_PAY,"수당",BONUS_PAY) values ('201012',109,1470000,1350000,120000,null);
Insert into CONCEPT.TBL_PAY_RECORD (SAL_MONTH,EMP_NO,MONTH_SAL,BSIC_PAY,"수당",BONUS_PAY) values ('201012',111,1530000,1530000,null,null);
Insert into CONCEPT.TBL_PAY_RECORD (SAL_MONTH,EMP_NO,MONTH_SAL,BSIC_PAY,"수당",BONUS_PAY) values ('201012',112,1500000,1400000,100000,null);
Insert into CONCEPT.TBL_PAY_RECORD (SAL_MONTH,EMP_NO,MONTH_SAL,BSIC_PAY,"수당",BONUS_PAY) values ('201101',101,1400000,1300000,100000,null);
Insert into CONCEPT.TBL_PAY_RECORD (SAL_MONTH,EMP_NO,MONTH_SAL,BSIC_PAY,"수당",BONUS_PAY) values ('201101',103,1600000,1300000,100000,200000);
Insert into CONCEPT.TBL_PAY_RECORD (SAL_MONTH,EMP_NO,MONTH_SAL,BSIC_PAY,"수당",BONUS_PAY) values ('201101',104,1680000,1460000,220000,null);
Insert into CONCEPT.TBL_PAY_RECORD (SAL_MONTH,EMP_NO,MONTH_SAL,BSIC_PAY,"수당",BONUS_PAY) values ('201101',105,1540000,1440000,100000,null);
Insert into CONCEPT.TBL_PAY_RECORD (SAL_MONTH,EMP_NO,MONTH_SAL,BSIC_PAY,"수당",BONUS_PAY) values ('201101',106,1700000,1400000,100000,200000);
Insert into CONCEPT.TBL_PAY_RECORD (SAL_MONTH,EMP_NO,MONTH_SAL,BSIC_PAY,"수당",BONUS_PAY) values ('201101',107,1770000,1550000,220000,null);
Insert into CONCEPT.TBL_PAY_RECORD (SAL_MONTH,EMP_NO,MONTH_SAL,BSIC_PAY,"수당",BONUS_PAY) values ('201101',108,1600000,1500000,100000,null);
Insert into CONCEPT.TBL_PAY_RECORD (SAL_MONTH,EMP_NO,MONTH_SAL,BSIC_PAY,"수당",BONUS_PAY) values ('201101',109,1470000,1350000,120000,null);
Insert into CONCEPT.TBL_PAY_RECORD (SAL_MONTH,EMP_NO,MONTH_SAL,BSIC_PAY,"수당",BONUS_PAY) values ('201101',111,1530000,1530000,null,null);
Insert into CONCEPT.TBL_PAY_RECORD (SAL_MONTH,EMP_NO,MONTH_SAL,BSIC_PAY,"수당",BONUS_PAY) values ('201101',112,1500000,1400000,100000,null);
Insert into CONCEPT.TBL_PAY_RECORD (SAL_MONTH,EMP_NO,MONTH_SAL,BSIC_PAY,"수당",BONUS_PAY) values ('201102',101,1400000,1300000,100000,null);
Insert into CONCEPT.TBL_PAY_RECORD (SAL_MONTH,EMP_NO,MONTH_SAL,BSIC_PAY,"수당",BONUS_PAY) values ('201102',103,1600000,1300000,100000,200000);
Insert into CONCEPT.TBL_PAY_RECORD (SAL_MONTH,EMP_NO,MONTH_SAL,BSIC_PAY,"수당",BONUS_PAY) values ('201102',104,1680000,1460000,220000,null);
Insert into CONCEPT.TBL_PAY_RECORD (SAL_MONTH,EMP_NO,MONTH_SAL,BSIC_PAY,"수당",BONUS_PAY) values ('201102',105,1540000,1440000,100000,null);
Insert into CONCEPT.TBL_PAY_RECORD (SAL_MONTH,EMP_NO,MONTH_SAL,BSIC_PAY,"수당",BONUS_PAY) values ('201102',106,1700000,1400000,100000,200000);
Insert into CONCEPT.TBL_PAY_RECORD (SAL_MONTH,EMP_NO,MONTH_SAL,BSIC_PAY,"수당",BONUS_PAY) values ('201102',107,1770000,1550000,220000,null);
Insert into CONCEPT.TBL_PAY_RECORD (SAL_MONTH,EMP_NO,MONTH_SAL,BSIC_PAY,"수당",BONUS_PAY) values ('201102',108,1600000,1500000,100000,null);
Insert into CONCEPT.TBL_PAY_RECORD (SAL_MONTH,EMP_NO,MONTH_SAL,BSIC_PAY,"수당",BONUS_PAY) values ('201102',109,1470000,1350000,120000,null);
Insert into CONCEPT.TBL_PAY_RECORD (SAL_MONTH,EMP_NO,MONTH_SAL,BSIC_PAY,"수당",BONUS_PAY) values ('201102',111,1530000,1530000,null,null);
Insert into CONCEPT.TBL_PAY_RECORD (SAL_MONTH,EMP_NO,MONTH_SAL,BSIC_PAY,"수당",BONUS_PAY) values ('201102',112,1500000,1400000,100000,null);
Insert into CONCEPT.TBL_PAY_RECORD (SAL_MONTH,EMP_NO,MONTH_SAL,BSIC_PAY,"수당",BONUS_PAY) values ('201103',101,1400000,1300000,100000,null);
Insert into CONCEPT.TBL_PAY_RECORD (SAL_MONTH,EMP_NO,MONTH_SAL,BSIC_PAY,"수당",BONUS_PAY) values ('201103',103,1600000,1300000,100000,200000);
Insert into CONCEPT.TBL_PAY_RECORD (SAL_MONTH,EMP_NO,MONTH_SAL,BSIC_PAY,"수당",BONUS_PAY) values ('201103',104,1680000,1460000,220000,null);
Insert into CONCEPT.TBL_PAY_RECORD (SAL_MONTH,EMP_NO,MONTH_SAL,BSIC_PAY,"수당",BONUS_PAY) values ('201103',105,1540000,1440000,100000,null);
Insert into CONCEPT.TBL_PAY_RECORD (SAL_MONTH,EMP_NO,MONTH_SAL,BSIC_PAY,"수당",BONUS_PAY) values ('201103',106,1700000,1400000,100000,200000);
Insert into CONCEPT.TBL_PAY_RECORD (SAL_MONTH,EMP_NO,MONTH_SAL,BSIC_PAY,"수당",BONUS_PAY) values ('201103',107,1770000,1550000,220000,null);
Insert into CONCEPT.TBL_PAY_RECORD (SAL_MONTH,EMP_NO,MONTH_SAL,BSIC_PAY,"수당",BONUS_PAY) values ('201103',108,1600000,1500000,100000,null);
Insert into CONCEPT.TBL_PAY_RECORD (SAL_MONTH,EMP_NO,MONTH_SAL,BSIC_PAY,"수당",BONUS_PAY) values ('201103',109,1470000,1350000,120000,null);
Insert into CONCEPT.TBL_PAY_RECORD (SAL_MONTH,EMP_NO,MONTH_SAL,BSIC_PAY,"수당",BONUS_PAY) values ('201103',111,1530000,1530000,null,null);
Insert into CONCEPT.TBL_PAY_RECORD (SAL_MONTH,EMP_NO,MONTH_SAL,BSIC_PAY,"수당",BONUS_PAY) values ('201103',112,1500000,1400000,100000,null);
Insert into CONCEPT.TBL_PAY_RECORD (SAL_MONTH,EMP_NO,MONTH_SAL,BSIC_PAY,"수당",BONUS_PAY) values ('201104',101,1400000,1300000,100000,null);
Insert into CONCEPT.TBL_PAY_RECORD (SAL_MONTH,EMP_NO,MONTH_SAL,BSIC_PAY,"수당",BONUS_PAY) values ('201104',103,1600000,1300000,100000,200000);
Insert into CONCEPT.TBL_PAY_RECORD (SAL_MONTH,EMP_NO,MONTH_SAL,BSIC_PAY,"수당",BONUS_PAY) values ('201104',104,1680000,1460000,220000,null);
Insert into CONCEPT.TBL_PAY_RECORD (SAL_MONTH,EMP_NO,MONTH_SAL,BSIC_PAY,"수당",BONUS_PAY) values ('201104',105,1540000,1440000,100000,null);
Insert into CONCEPT.TBL_PAY_RECORD (SAL_MONTH,EMP_NO,MONTH_SAL,BSIC_PAY,"수당",BONUS_PAY) values ('201104',106,1700000,1400000,100000,200000);
Insert into CONCEPT.TBL_PAY_RECORD (SAL_MONTH,EMP_NO,MONTH_SAL,BSIC_PAY,"수당",BONUS_PAY) values ('201104',107,1770000,1550000,220000,null);
Insert into CONCEPT.TBL_PAY_RECORD (SAL_MONTH,EMP_NO,MONTH_SAL,BSIC_PAY,"수당",BONUS_PAY) values ('201104',108,1600000,1500000,100000,null);
Insert into CONCEPT.TBL_PAY_RECORD (SAL_MONTH,EMP_NO,MONTH_SAL,BSIC_PAY,"수당",BONUS_PAY) values ('201104',109,1470000,1350000,120000,null);
Insert into CONCEPT.TBL_PAY_RECORD (SAL_MONTH,EMP_NO,MONTH_SAL,BSIC_PAY,"수당",BONUS_PAY) values ('201104',111,1530000,1530000,null,null);
Insert into CONCEPT.TBL_PAY_RECORD (SAL_MONTH,EMP_NO,MONTH_SAL,BSIC_PAY,"수당",BONUS_PAY) values ('201104',112,1500000,1400000,100000,null);
Insert into CONCEPT.TBL_PAY_RECORD (SAL_MONTH,EMP_NO,MONTH_SAL,BSIC_PAY,"수당",BONUS_PAY) values ('201105',101,1400000,1300000,100000,null);
Insert into CONCEPT.TBL_PAY_RECORD (SAL_MONTH,EMP_NO,MONTH_SAL,BSIC_PAY,"수당",BONUS_PAY) values ('201105',103,1600000,1300000,100000,200000);
Insert into CONCEPT.TBL_PAY_RECORD (SAL_MONTH,EMP_NO,MONTH_SAL,BSIC_PAY,"수당",BONUS_PAY) values ('201105',104,1680000,1460000,220000,null);
Insert into CONCEPT.TBL_PAY_RECORD (SAL_MONTH,EMP_NO,MONTH_SAL,BSIC_PAY,"수당",BONUS_PAY) values ('201105',105,1540000,1440000,100000,null);
Insert into CONCEPT.TBL_PAY_RECORD (SAL_MONTH,EMP_NO,MONTH_SAL,BSIC_PAY,"수당",BONUS_PAY) values ('201105',106,1700000,1400000,100000,200000);
Insert into CONCEPT.TBL_PAY_RECORD (SAL_MONTH,EMP_NO,MONTH_SAL,BSIC_PAY,"수당",BONUS_PAY) values ('201105',107,1770000,1550000,220000,null);
Insert into CONCEPT.TBL_PAY_RECORD (SAL_MONTH,EMP_NO,MONTH_SAL,BSIC_PAY,"수당",BONUS_PAY) values ('201105',108,1600000,1500000,100000,null);
Insert into CONCEPT.TBL_PAY_RECORD (SAL_MONTH,EMP_NO,MONTH_SAL,BSIC_PAY,"수당",BONUS_PAY) values ('201105',109,1470000,1350000,120000,null);
Insert into CONCEPT.TBL_PAY_RECORD (SAL_MONTH,EMP_NO,MONTH_SAL,BSIC_PAY,"수당",BONUS_PAY) values ('201105',111,1530000,1530000,null,null);
Insert into CONCEPT.TBL_PAY_RECORD (SAL_MONTH,EMP_NO,MONTH_SAL,BSIC_PAY,"수당",BONUS_PAY) values ('201105',112,1500000,1400000,100000,null);
Insert into CONCEPT.TBL_PAY_RECORD (SAL_MONTH,EMP_NO,MONTH_SAL,BSIC_PAY,"수당",BONUS_PAY) values ('201106',101,1400000,1300000,100000,null);
Insert into CONCEPT.TBL_PAY_RECORD (SAL_MONTH,EMP_NO,MONTH_SAL,BSIC_PAY,"수당",BONUS_PAY) values ('201106',103,1600000,1300000,100000,200000);
Insert into CONCEPT.TBL_PAY_RECORD (SAL_MONTH,EMP_NO,MONTH_SAL,BSIC_PAY,"수당",BONUS_PAY) values ('201106',104,1680000,1460000,220000,null);
Insert into CONCEPT.TBL_PAY_RECORD (SAL_MONTH,EMP_NO,MONTH_SAL,BSIC_PAY,"수당",BONUS_PAY) values ('201106',105,1540000,1440000,100000,null);
Insert into CONCEPT.TBL_PAY_RECORD (SAL_MONTH,EMP_NO,MONTH_SAL,BSIC_PAY,"수당",BONUS_PAY) values ('201106',106,1700000,1400000,100000,200000);
Insert into CONCEPT.TBL_PAY_RECORD (SAL_MONTH,EMP_NO,MONTH_SAL,BSIC_PAY,"수당",BONUS_PAY) values ('201106',107,1770000,1550000,220000,null);
Insert into CONCEPT.TBL_PAY_RECORD (SAL_MONTH,EMP_NO,MONTH_SAL,BSIC_PAY,"수당",BONUS_PAY) values ('201106',108,1600000,1500000,100000,null);
Insert into CONCEPT.TBL_PAY_RECORD (SAL_MONTH,EMP_NO,MONTH_SAL,BSIC_PAY,"수당",BONUS_PAY) values ('201106',109,1470000,1350000,120000,null);
Insert into CONCEPT.TBL_PAY_RECORD (SAL_MONTH,EMP_NO,MONTH_SAL,BSIC_PAY,"수당",BONUS_PAY) values ('201106',111,1530000,1530000,null,null);
Insert into CONCEPT.TBL_PAY_RECORD (SAL_MONTH,EMP_NO,MONTH_SAL,BSIC_PAY,"수당",BONUS_PAY) values ('201106',112,1500000,1400000,100000,null);
REM INSERTING into CONCEPT.TBL_STEP_SAL
SET DEFINE OFF;
Insert into CONCEPT.TBL_STEP_SAL (EMP_NO,SAL_CLASS,BSIC_MONTH_PAY) values (105,9,1440000);
Insert into CONCEPT.TBL_STEP_SAL (EMP_NO,SAL_CLASS,BSIC_MONTH_PAY) values (106,8,1400000);
Insert into CONCEPT.TBL_STEP_SAL (EMP_NO,SAL_CLASS,BSIC_MONTH_PAY) values (108,11,1500000);
Insert into CONCEPT.TBL_STEP_SAL (EMP_NO,SAL_CLASS,BSIC_MONTH_PAY) values (110,13,1590000);
REM INSERTING into CONCEPT."금액제급여"
SET DEFINE OFF;
Insert into CONCEPT."금액제급여" ("사원번호","월기본급") values (103,1300000);
Insert into CONCEPT."금액제급여" ("사원번호","월기본급") values (107,1550000);
Insert into CONCEPT."금액제급여" ("사원번호","월기본급") values (112,1400000);
REM INSERTING into CONCEPT."급여수당"
SET DEFINE OFF;
Insert into CONCEPT."급여수당" ("사원번호","수당구분","사원명","금액") values (101,'기본수당','조동진',100000);
Insert into CONCEPT."급여수당" ("사원번호","수당구분","사원명","금액") values (102,'기본수당','한영애',100000);
Insert into CONCEPT."급여수당" ("사원번호","수당구분","사원명","금액") values (103,'기본수당','조규찬',100000);
Insert into CONCEPT."급여수당" ("사원번호","수당구분","사원명","금액") values (104,'기본수당','이상은',100000);
Insert into CONCEPT."급여수당" ("사원번호","수당구분","사원명","금액") values (105,'기본수당','조덕배',100000);
Insert into CONCEPT."급여수당" ("사원번호","수당구분","사원명","금액") values (106,'기본수당','장필순',100000);
Insert into CONCEPT."급여수당" ("사원번호","수당구분","사원명","금액") values (107,'기본수당','오석준',100000);
Insert into CONCEPT."급여수당" ("사원번호","수당구분","사원명","금액") values (108,'기본수당','이규석',100000);
Insert into CONCEPT."급여수당" ("사원번호","수당구분","사원명","금액") values (112,'기본수당','이현우',100000);
Insert into CONCEPT."급여수당" ("사원번호","수당구분","사원명","금액") values (103,'성과급','조규찬',200000);
Insert into CONCEPT."급여수당" ("사원번호","수당구분","사원명","금액") values (106,'성과급','장필순',200000);
Insert into CONCEPT."급여수당" ("사원번호","수당구분","사원명","금액") values (110,'성과급','이선희',200000);
Insert into CONCEPT."급여수당" ("사원번호","수당구분","사원명","금액") values (102,'특별수당','한영애',120000);
Insert into CONCEPT."급여수당" ("사원번호","수당구분","사원명","금액") values (104,'특별수당','이상은',120000);
Insert into CONCEPT."급여수당" ("사원번호","수당구분","사원명","금액") values (107,'특별수당','오석준',120000);
Insert into CONCEPT."급여수당" ("사원번호","수당구분","사원명","금액") values (109,'특별수당','전수경',120000);
REM INSERTING into CONCEPT."급여지급"
SET DEFINE OFF;
Insert into CONCEPT."급여지급" ("급여월","사원번호","월급여","기본급","수당","성과급") values ('201001',101,1400000,1300000,100000,null);
Insert into CONCEPT."급여지급" ("급여월","사원번호","월급여","기본급","수당","성과급") values ('201001',102,1540000,1320000,220000,null);
Insert into CONCEPT."급여지급" ("급여월","사원번호","월급여","기본급","수당","성과급") values ('201001',103,1600000,1300000,100000,200000);
Insert into CONCEPT."급여지급" ("급여월","사원번호","월급여","기본급","수당","성과급") values ('201001',104,1680000,1460000,220000,null);
Insert into CONCEPT."급여지급" ("급여월","사원번호","월급여","기본급","수당","성과급") values ('201001',105,1540000,1440000,100000,null);
Insert into CONCEPT."급여지급" ("급여월","사원번호","월급여","기본급","수당","성과급") values ('201001',106,1700000,1400000,100000,200000);
Insert into CONCEPT."급여지급" ("급여월","사원번호","월급여","기본급","수당","성과급") values ('201001',107,1770000,1550000,220000,null);
Insert into CONCEPT."급여지급" ("급여월","사원번호","월급여","기본급","수당","성과급") values ('201001',108,1600000,1500000,100000,null);
Insert into CONCEPT."급여지급" ("급여월","사원번호","월급여","기본급","수당","성과급") values ('201001',109,1470000,1350000,120000,null);
Insert into CONCEPT."급여지급" ("급여월","사원번호","월급여","기본급","수당","성과급") values ('201001',111,1530000,1530000,null,null);
Insert into CONCEPT."급여지급" ("급여월","사원번호","월급여","기본급","수당","성과급") values ('201001',112,1500000,1400000,100000,null);
Insert into CONCEPT."급여지급" ("급여월","사원번호","월급여","기본급","수당","성과급") values ('201002',101,1400000,1300000,100000,null);
Insert into CONCEPT."급여지급" ("급여월","사원번호","월급여","기본급","수당","성과급") values ('201002',102,1540000,1320000,220000,null);
Insert into CONCEPT."급여지급" ("급여월","사원번호","월급여","기본급","수당","성과급") values ('201002',103,1600000,1300000,100000,200000);
Insert into CONCEPT."급여지급" ("급여월","사원번호","월급여","기본급","수당","성과급") values ('201002',104,1680000,1460000,220000,null);
Insert into CONCEPT."급여지급" ("급여월","사원번호","월급여","기본급","수당","성과급") values ('201002',105,1540000,1440000,100000,null);
Insert into CONCEPT."급여지급" ("급여월","사원번호","월급여","기본급","수당","성과급") values ('201002',106,1700000,1400000,100000,200000);
Insert into CONCEPT."급여지급" ("급여월","사원번호","월급여","기본급","수당","성과급") values ('201002',107,1770000,1550000,220000,null);
Insert into CONCEPT."급여지급" ("급여월","사원번호","월급여","기본급","수당","성과급") values ('201002',108,1600000,1500000,100000,null);
Insert into CONCEPT."급여지급" ("급여월","사원번호","월급여","기본급","수당","성과급") values ('201002',109,1470000,1350000,120000,null);
Insert into CONCEPT."급여지급" ("급여월","사원번호","월급여","기본급","수당","성과급") values ('201002',111,1530000,1530000,null,null);
Insert into CONCEPT."급여지급" ("급여월","사원번호","월급여","기본급","수당","성과급") values ('201002',112,1500000,1400000,100000,null);
Insert into CONCEPT."급여지급" ("급여월","사원번호","월급여","기본급","수당","성과급") values ('201003',101,1400000,1300000,100000,null);
Insert into CONCEPT."급여지급" ("급여월","사원번호","월급여","기본급","수당","성과급") values ('201003',102,1540000,1320000,220000,null);
Insert into CONCEPT."급여지급" ("급여월","사원번호","월급여","기본급","수당","성과급") values ('201003',103,1600000,1300000,100000,200000);
Insert into CONCEPT."급여지급" ("급여월","사원번호","월급여","기본급","수당","성과급") values ('201003',104,1680000,1460000,220000,null);
Insert into CONCEPT."급여지급" ("급여월","사원번호","월급여","기본급","수당","성과급") values ('201003',105,1540000,1440000,100000,null);
Insert into CONCEPT."급여지급" ("급여월","사원번호","월급여","기본급","수당","성과급") values ('201003',106,1700000,1400000,100000,200000);
Insert into CONCEPT."급여지급" ("급여월","사원번호","월급여","기본급","수당","성과급") values ('201003',107,1770000,1550000,220000,null);
Insert into CONCEPT."급여지급" ("급여월","사원번호","월급여","기본급","수당","성과급") values ('201003',108,1600000,1500000,100000,null);
Insert into CONCEPT."급여지급" ("급여월","사원번호","월급여","기본급","수당","성과급") values ('201003',109,1470000,1350000,120000,null);
Insert into CONCEPT."급여지급" ("급여월","사원번호","월급여","기본급","수당","성과급") values ('201003',111,1530000,1530000,null,null);
Insert into CONCEPT."급여지급" ("급여월","사원번호","월급여","기본급","수당","성과급") values ('201003',112,1500000,1400000,100000,null);
Insert into CONCEPT."급여지급" ("급여월","사원번호","월급여","기본급","수당","성과급") values ('201004',101,1400000,1300000,100000,null);
Insert into CONCEPT."급여지급" ("급여월","사원번호","월급여","기본급","수당","성과급") values ('201004',102,1540000,1320000,220000,null);
Insert into CONCEPT."급여지급" ("급여월","사원번호","월급여","기본급","수당","성과급") values ('201004',103,1600000,1300000,100000,200000);
Insert into CONCEPT."급여지급" ("급여월","사원번호","월급여","기본급","수당","성과급") values ('201004',104,1680000,1460000,220000,null);
Insert into CONCEPT."급여지급" ("급여월","사원번호","월급여","기본급","수당","성과급") values ('201004',105,1540000,1440000,100000,null);
Insert into CONCEPT."급여지급" ("급여월","사원번호","월급여","기본급","수당","성과급") values ('201004',106,1700000,1400000,100000,200000);
Insert into CONCEPT."급여지급" ("급여월","사원번호","월급여","기본급","수당","성과급") values ('201004',107,1770000,1550000,220000,null);
Insert into CONCEPT."급여지급" ("급여월","사원번호","월급여","기본급","수당","성과급") values ('201004',108,1600000,1500000,100000,null);
Insert into CONCEPT."급여지급" ("급여월","사원번호","월급여","기본급","수당","성과급") values ('201004',109,1470000,1350000,120000,null);
Insert into CONCEPT."급여지급" ("급여월","사원번호","월급여","기본급","수당","성과급") values ('201004',111,1530000,1530000,null,null);
Insert into CONCEPT."급여지급" ("급여월","사원번호","월급여","기본급","수당","성과급") values ('201004',112,1500000,1400000,100000,null);
Insert into CONCEPT."급여지급" ("급여월","사원번호","월급여","기본급","수당","성과급") values ('201005',101,1400000,1300000,100000,null);
Insert into CONCEPT."급여지급" ("급여월","사원번호","월급여","기본급","수당","성과급") values ('201005',102,1540000,1320000,220000,null);
Insert into CONCEPT."급여지급" ("급여월","사원번호","월급여","기본급","수당","성과급") values ('201005',103,1600000,1300000,100000,200000);
Insert into CONCEPT."급여지급" ("급여월","사원번호","월급여","기본급","수당","성과급") values ('201005',104,1680000,1460000,220000,null);
Insert into CONCEPT."급여지급" ("급여월","사원번호","월급여","기본급","수당","성과급") values ('201005',105,1540000,1440000,100000,null);
Insert into CONCEPT."급여지급" ("급여월","사원번호","월급여","기본급","수당","성과급") values ('201005',106,1700000,1400000,100000,200000);
Insert into CONCEPT."급여지급" ("급여월","사원번호","월급여","기본급","수당","성과급") values ('201005',107,1770000,1550000,220000,null);
Insert into CONCEPT."급여지급" ("급여월","사원번호","월급여","기본급","수당","성과급") values ('201005',108,1600000,1500000,100000,null);
Insert into CONCEPT."급여지급" ("급여월","사원번호","월급여","기본급","수당","성과급") values ('201005',109,1470000,1350000,120000,null);
Insert into CONCEPT."급여지급" ("급여월","사원번호","월급여","기본급","수당","성과급") values ('201005',111,1530000,1530000,null,null);
Insert into CONCEPT."급여지급" ("급여월","사원번호","월급여","기본급","수당","성과급") values ('201005',112,1500000,1400000,100000,null);
Insert into CONCEPT."급여지급" ("급여월","사원번호","월급여","기본급","수당","성과급") values ('201006',101,1400000,1300000,100000,null);
Insert into CONCEPT."급여지급" ("급여월","사원번호","월급여","기본급","수당","성과급") values ('201006',102,1540000,1320000,220000,null);
Insert into CONCEPT."급여지급" ("급여월","사원번호","월급여","기본급","수당","성과급") values ('201006',103,1600000,1300000,100000,200000);
Insert into CONCEPT."급여지급" ("급여월","사원번호","월급여","기본급","수당","성과급") values ('201006',104,1680000,1460000,220000,null);
Insert into CONCEPT."급여지급" ("급여월","사원번호","월급여","기본급","수당","성과급") values ('201006',105,1540000,1440000,100000,null);
Insert into CONCEPT."급여지급" ("급여월","사원번호","월급여","기본급","수당","성과급") values ('201006',106,1700000,1400000,100000,200000);
Insert into CONCEPT."급여지급" ("급여월","사원번호","월급여","기본급","수당","성과급") values ('201006',107,1770000,1550000,220000,null);
Insert into CONCEPT."급여지급" ("급여월","사원번호","월급여","기본급","수당","성과급") values ('201006',108,1600000,1500000,100000,null);
Insert into CONCEPT."급여지급" ("급여월","사원번호","월급여","기본급","수당","성과급") values ('201006',109,1470000,1350000,120000,null);
Insert into CONCEPT."급여지급" ("급여월","사원번호","월급여","기본급","수당","성과급") values ('201006',111,1530000,1530000,null,null);
Insert into CONCEPT."급여지급" ("급여월","사원번호","월급여","기본급","수당","성과급") values ('201006',112,1500000,1400000,100000,null);
Insert into CONCEPT."급여지급" ("급여월","사원번호","월급여","기본급","수당","성과급") values ('201007',101,1400000,1300000,100000,null);
Insert into CONCEPT."급여지급" ("급여월","사원번호","월급여","기본급","수당","성과급") values ('201007',102,1540000,1320000,220000,null);
Insert into CONCEPT."급여지급" ("급여월","사원번호","월급여","기본급","수당","성과급") values ('201007',103,1600000,1300000,100000,200000);
Insert into CONCEPT."급여지급" ("급여월","사원번호","월급여","기본급","수당","성과급") values ('201007',104,1680000,1460000,220000,null);
Insert into CONCEPT."급여지급" ("급여월","사원번호","월급여","기본급","수당","성과급") values ('201007',105,1540000,1440000,100000,null);
Insert into CONCEPT."급여지급" ("급여월","사원번호","월급여","기본급","수당","성과급") values ('201007',106,1700000,1400000,100000,200000);
Insert into CONCEPT."급여지급" ("급여월","사원번호","월급여","기본급","수당","성과급") values ('201007',107,1770000,1550000,220000,null);
Insert into CONCEPT."급여지급" ("급여월","사원번호","월급여","기본급","수당","성과급") values ('201007',108,1600000,1500000,100000,null);
Insert into CONCEPT."급여지급" ("급여월","사원번호","월급여","기본급","수당","성과급") values ('201007',109,1470000,1350000,120000,null);
Insert into CONCEPT."급여지급" ("급여월","사원번호","월급여","기본급","수당","성과급") values ('201007',111,1530000,1530000,null,null);
Insert into CONCEPT."급여지급" ("급여월","사원번호","월급여","기본급","수당","성과급") values ('201007',112,1500000,1400000,100000,null);
Insert into CONCEPT."급여지급" ("급여월","사원번호","월급여","기본급","수당","성과급") values ('201008',101,1400000,1300000,100000,null);
Insert into CONCEPT."급여지급" ("급여월","사원번호","월급여","기본급","수당","성과급") values ('201008',102,1540000,1320000,220000,null);
Insert into CONCEPT."급여지급" ("급여월","사원번호","월급여","기본급","수당","성과급") values ('201008',103,1600000,1300000,100000,200000);
Insert into CONCEPT."급여지급" ("급여월","사원번호","월급여","기본급","수당","성과급") values ('201008',104,1680000,1460000,220000,null);
Insert into CONCEPT."급여지급" ("급여월","사원번호","월급여","기본급","수당","성과급") values ('201008',105,1540000,1440000,100000,null);
Insert into CONCEPT."급여지급" ("급여월","사원번호","월급여","기본급","수당","성과급") values ('201008',106,1700000,1400000,100000,200000);
Insert into CONCEPT."급여지급" ("급여월","사원번호","월급여","기본급","수당","성과급") values ('201008',107,1770000,1550000,220000,null);
Insert into CONCEPT."급여지급" ("급여월","사원번호","월급여","기본급","수당","성과급") values ('201008',108,1600000,1500000,100000,null);
Insert into CONCEPT."급여지급" ("급여월","사원번호","월급여","기본급","수당","성과급") values ('201008',109,1470000,1350000,120000,null);
Insert into CONCEPT."급여지급" ("급여월","사원번호","월급여","기본급","수당","성과급") values ('201008',111,1530000,1530000,null,null);
Insert into CONCEPT."급여지급" ("급여월","사원번호","월급여","기본급","수당","성과급") values ('201008',112,1500000,1400000,100000,null);
Insert into CONCEPT."급여지급" ("급여월","사원번호","월급여","기본급","수당","성과급") values ('201009',101,1400000,1300000,100000,null);
Insert into CONCEPT."급여지급" ("급여월","사원번호","월급여","기본급","수당","성과급") values ('201009',102,1540000,1320000,220000,null);
Insert into CONCEPT."급여지급" ("급여월","사원번호","월급여","기본급","수당","성과급") values ('201009',103,1600000,1300000,100000,200000);
Insert into CONCEPT."급여지급" ("급여월","사원번호","월급여","기본급","수당","성과급") values ('201009',104,1680000,1460000,220000,null);
Insert into CONCEPT."급여지급" ("급여월","사원번호","월급여","기본급","수당","성과급") values ('201009',105,1540000,1440000,100000,null);
Insert into CONCEPT."급여지급" ("급여월","사원번호","월급여","기본급","수당","성과급") values ('201009',106,1700000,1400000,100000,200000);
Insert into CONCEPT."급여지급" ("급여월","사원번호","월급여","기본급","수당","성과급") values ('201009',107,1770000,1550000,220000,null);
Insert into CONCEPT."급여지급" ("급여월","사원번호","월급여","기본급","수당","성과급") values ('201009',108,1600000,1500000,100000,null);
Insert into CONCEPT."급여지급" ("급여월","사원번호","월급여","기본급","수당","성과급") values ('201009',109,1470000,1350000,120000,null);
Insert into CONCEPT."급여지급" ("급여월","사원번호","월급여","기본급","수당","성과급") values ('201009',111,1530000,1530000,null,null);
Insert into CONCEPT."급여지급" ("급여월","사원번호","월급여","기본급","수당","성과급") values ('201009',112,1500000,1400000,100000,null);
Insert into CONCEPT."급여지급" ("급여월","사원번호","월급여","기본급","수당","성과급") values ('201010',101,1400000,1300000,100000,null);
Insert into CONCEPT."급여지급" ("급여월","사원번호","월급여","기본급","수당","성과급") values ('201010',102,1540000,1320000,220000,null);
Insert into CONCEPT."급여지급" ("급여월","사원번호","월급여","기본급","수당","성과급") values ('201010',103,1600000,1300000,100000,200000);
Insert into CONCEPT."급여지급" ("급여월","사원번호","월급여","기본급","수당","성과급") values ('201010',104,1680000,1460000,220000,null);
Insert into CONCEPT."급여지급" ("급여월","사원번호","월급여","기본급","수당","성과급") values ('201010',105,1540000,1440000,100000,null);
Insert into CONCEPT."급여지급" ("급여월","사원번호","월급여","기본급","수당","성과급") values ('201010',106,1700000,1400000,100000,200000);
Insert into CONCEPT."급여지급" ("급여월","사원번호","월급여","기본급","수당","성과급") values ('201010',107,1770000,1550000,220000,null);
Insert into CONCEPT."급여지급" ("급여월","사원번호","월급여","기본급","수당","성과급") values ('201010',108,1600000,1500000,100000,null);
Insert into CONCEPT."급여지급" ("급여월","사원번호","월급여","기본급","수당","성과급") values ('201010',109,1470000,1350000,120000,null);
Insert into CONCEPT."급여지급" ("급여월","사원번호","월급여","기본급","수당","성과급") values ('201010',111,1530000,1530000,null,null);
Insert into CONCEPT."급여지급" ("급여월","사원번호","월급여","기본급","수당","성과급") values ('201010',112,1500000,1400000,100000,null);
Insert into CONCEPT."급여지급" ("급여월","사원번호","월급여","기본급","수당","성과급") values ('201011',101,1400000,1300000,100000,null);
Insert into CONCEPT."급여지급" ("급여월","사원번호","월급여","기본급","수당","성과급") values ('201011',102,1540000,1320000,220000,null);
Insert into CONCEPT."급여지급" ("급여월","사원번호","월급여","기본급","수당","성과급") values ('201011',103,1600000,1300000,100000,200000);
Insert into CONCEPT."급여지급" ("급여월","사원번호","월급여","기본급","수당","성과급") values ('201011',104,1680000,1460000,220000,null);
Insert into CONCEPT."급여지급" ("급여월","사원번호","월급여","기본급","수당","성과급") values ('201011',105,1540000,1440000,100000,null);
Insert into CONCEPT."급여지급" ("급여월","사원번호","월급여","기본급","수당","성과급") values ('201011',106,1700000,1400000,100000,200000);
Insert into CONCEPT."급여지급" ("급여월","사원번호","월급여","기본급","수당","성과급") values ('201011',107,1770000,1550000,220000,null);
Insert into CONCEPT."급여지급" ("급여월","사원번호","월급여","기본급","수당","성과급") values ('201011',108,1600000,1500000,100000,null);
Insert into CONCEPT."급여지급" ("급여월","사원번호","월급여","기본급","수당","성과급") values ('201011',109,1470000,1350000,120000,null);
Insert into CONCEPT."급여지급" ("급여월","사원번호","월급여","기본급","수당","성과급") values ('201011',111,1530000,1530000,null,null);
Insert into CONCEPT."급여지급" ("급여월","사원번호","월급여","기본급","수당","성과급") values ('201011',112,1500000,1400000,100000,null);
Insert into CONCEPT."급여지급" ("급여월","사원번호","월급여","기본급","수당","성과급") values ('201012',101,1400000,1300000,100000,null);
Insert into CONCEPT."급여지급" ("급여월","사원번호","월급여","기본급","수당","성과급") values ('201012',103,1600000,1300000,100000,200000);
Insert into CONCEPT."급여지급" ("급여월","사원번호","월급여","기본급","수당","성과급") values ('201012',104,1680000,1460000,220000,null);
Insert into CONCEPT."급여지급" ("급여월","사원번호","월급여","기본급","수당","성과급") values ('201012',105,1540000,1440000,100000,null);
Insert into CONCEPT."급여지급" ("급여월","사원번호","월급여","기본급","수당","성과급") values ('201012',106,1700000,1400000,100000,200000);
Insert into CONCEPT."급여지급" ("급여월","사원번호","월급여","기본급","수당","성과급") values ('201012',107,1770000,1550000,220000,null);
Insert into CONCEPT."급여지급" ("급여월","사원번호","월급여","기본급","수당","성과급") values ('201012',108,1600000,1500000,100000,null);
Insert into CONCEPT."급여지급" ("급여월","사원번호","월급여","기본급","수당","성과급") values ('201012',109,1470000,1350000,120000,null);
Insert into CONCEPT."급여지급" ("급여월","사원번호","월급여","기본급","수당","성과급") values ('201012',111,1530000,1530000,null,null);
Insert into CONCEPT."급여지급" ("급여월","사원번호","월급여","기본급","수당","성과급") values ('201012',112,1500000,1400000,100000,null);
Insert into CONCEPT."급여지급" ("급여월","사원번호","월급여","기본급","수당","성과급") values ('201101',101,1400000,1300000,100000,null);
Insert into CONCEPT."급여지급" ("급여월","사원번호","월급여","기본급","수당","성과급") values ('201101',103,1600000,1300000,100000,200000);
Insert into CONCEPT."급여지급" ("급여월","사원번호","월급여","기본급","수당","성과급") values ('201101',104,1680000,1460000,220000,null);
Insert into CONCEPT."급여지급" ("급여월","사원번호","월급여","기본급","수당","성과급") values ('201101',105,1540000,1440000,100000,null);
Insert into CONCEPT."급여지급" ("급여월","사원번호","월급여","기본급","수당","성과급") values ('201101',106,1700000,1400000,100000,200000);
Insert into CONCEPT."급여지급" ("급여월","사원번호","월급여","기본급","수당","성과급") values ('201101',107,1770000,1550000,220000,null);
Insert into CONCEPT."급여지급" ("급여월","사원번호","월급여","기본급","수당","성과급") values ('201101',108,1600000,1500000,100000,null);
Insert into CONCEPT."급여지급" ("급여월","사원번호","월급여","기본급","수당","성과급") values ('201101',109,1470000,1350000,120000,null);
Insert into CONCEPT."급여지급" ("급여월","사원번호","월급여","기본급","수당","성과급") values ('201101',111,1530000,1530000,null,null);
Insert into CONCEPT."급여지급" ("급여월","사원번호","월급여","기본급","수당","성과급") values ('201101',112,1500000,1400000,100000,null);
Insert into CONCEPT."급여지급" ("급여월","사원번호","월급여","기본급","수당","성과급") values ('201102',101,1400000,1300000,100000,null);
Insert into CONCEPT."급여지급" ("급여월","사원번호","월급여","기본급","수당","성과급") values ('201102',103,1600000,1300000,100000,200000);
Insert into CONCEPT."급여지급" ("급여월","사원번호","월급여","기본급","수당","성과급") values ('201102',104,1680000,1460000,220000,null);
Insert into CONCEPT."급여지급" ("급여월","사원번호","월급여","기본급","수당","성과급") values ('201102',105,1540000,1440000,100000,null);
Insert into CONCEPT."급여지급" ("급여월","사원번호","월급여","기본급","수당","성과급") values ('201102',106,1700000,1400000,100000,200000);
Insert into CONCEPT."급여지급" ("급여월","사원번호","월급여","기본급","수당","성과급") values ('201102',107,1770000,1550000,220000,null);
Insert into CONCEPT."급여지급" ("급여월","사원번호","월급여","기본급","수당","성과급") values ('201102',108,1600000,1500000,100000,null);
Insert into CONCEPT."급여지급" ("급여월","사원번호","월급여","기본급","수당","성과급") values ('201102',109,1470000,1350000,120000,null);
Insert into CONCEPT."급여지급" ("급여월","사원번호","월급여","기본급","수당","성과급") values ('201102',111,1530000,1530000,null,null);
Insert into CONCEPT."급여지급" ("급여월","사원번호","월급여","기본급","수당","성과급") values ('201102',112,1500000,1400000,100000,null);
Insert into CONCEPT."급여지급" ("급여월","사원번호","월급여","기본급","수당","성과급") values ('201103',101,1400000,1300000,100000,null);
Insert into CONCEPT."급여지급" ("급여월","사원번호","월급여","기본급","수당","성과급") values ('201103',103,1600000,1300000,100000,200000);
Insert into CONCEPT."급여지급" ("급여월","사원번호","월급여","기본급","수당","성과급") values ('201103',104,1680000,1460000,220000,null);
Insert into CONCEPT."급여지급" ("급여월","사원번호","월급여","기본급","수당","성과급") values ('201103',105,1540000,1440000,100000,null);
Insert into CONCEPT."급여지급" ("급여월","사원번호","월급여","기본급","수당","성과급") values ('201103',106,1700000,1400000,100000,200000);
Insert into CONCEPT."급여지급" ("급여월","사원번호","월급여","기본급","수당","성과급") values ('201103',107,1770000,1550000,220000,null);
Insert into CONCEPT."급여지급" ("급여월","사원번호","월급여","기본급","수당","성과급") values ('201103',108,1600000,1500000,100000,null);
Insert into CONCEPT."급여지급" ("급여월","사원번호","월급여","기본급","수당","성과급") values ('201103',109,1470000,1350000,120000,null);
Insert into CONCEPT."급여지급" ("급여월","사원번호","월급여","기본급","수당","성과급") values ('201103',111,1530000,1530000,null,null);
Insert into CONCEPT."급여지급" ("급여월","사원번호","월급여","기본급","수당","성과급") values ('201103',112,1500000,1400000,100000,null);
Insert into CONCEPT."급여지급" ("급여월","사원번호","월급여","기본급","수당","성과급") values ('201104',101,1400000,1300000,100000,null);
Insert into CONCEPT."급여지급" ("급여월","사원번호","월급여","기본급","수당","성과급") values ('201104',103,1600000,1300000,100000,200000);
Insert into CONCEPT."급여지급" ("급여월","사원번호","월급여","기본급","수당","성과급") values ('201104',104,1680000,1460000,220000,null);
Insert into CONCEPT."급여지급" ("급여월","사원번호","월급여","기본급","수당","성과급") values ('201104',105,1540000,1440000,100000,null);
Insert into CONCEPT."급여지급" ("급여월","사원번호","월급여","기본급","수당","성과급") values ('201104',106,1700000,1400000,100000,200000);
Insert into CONCEPT."급여지급" ("급여월","사원번호","월급여","기본급","수당","성과급") values ('201104',107,1770000,1550000,220000,null);
Insert into CONCEPT."급여지급" ("급여월","사원번호","월급여","기본급","수당","성과급") values ('201104',108,1600000,1500000,100000,null);
Insert into CONCEPT."급여지급" ("급여월","사원번호","월급여","기본급","수당","성과급") values ('201104',109,1470000,1350000,120000,null);
Insert into CONCEPT."급여지급" ("급여월","사원번호","월급여","기본급","수당","성과급") values ('201104',111,1530000,1530000,null,null);
Insert into CONCEPT."급여지급" ("급여월","사원번호","월급여","기본급","수당","성과급") values ('201104',112,1500000,1400000,100000,null);
Insert into CONCEPT."급여지급" ("급여월","사원번호","월급여","기본급","수당","성과급") values ('201105',101,1400000,1300000,100000,null);
Insert into CONCEPT."급여지급" ("급여월","사원번호","월급여","기본급","수당","성과급") values ('201105',103,1600000,1300000,100000,200000);
Insert into CONCEPT."급여지급" ("급여월","사원번호","월급여","기본급","수당","성과급") values ('201105',104,1680000,1460000,220000,null);
Insert into CONCEPT."급여지급" ("급여월","사원번호","월급여","기본급","수당","성과급") values ('201105',105,1540000,1440000,100000,null);
Insert into CONCEPT."급여지급" ("급여월","사원번호","월급여","기본급","수당","성과급") values ('201105',106,1700000,1400000,100000,200000);
Insert into CONCEPT."급여지급" ("급여월","사원번호","월급여","기본급","수당","성과급") values ('201105',107,1770000,1550000,220000,null);
Insert into CONCEPT."급여지급" ("급여월","사원번호","월급여","기본급","수당","성과급") values ('201105',108,1600000,1500000,100000,null);
Insert into CONCEPT."급여지급" ("급여월","사원번호","월급여","기본급","수당","성과급") values ('201105',109,1470000,1350000,120000,null);
Insert into CONCEPT."급여지급" ("급여월","사원번호","월급여","기본급","수당","성과급") values ('201105',111,1530000,1530000,null,null);
Insert into CONCEPT."급여지급" ("급여월","사원번호","월급여","기본급","수당","성과급") values ('201105',112,1500000,1400000,100000,null);
Insert into CONCEPT."급여지급" ("급여월","사원번호","월급여","기본급","수당","성과급") values ('201106',101,1400000,1300000,100000,null);
Insert into CONCEPT."급여지급" ("급여월","사원번호","월급여","기본급","수당","성과급") values ('201106',103,1600000,1300000,100000,200000);
Insert into CONCEPT."급여지급" ("급여월","사원번호","월급여","기본급","수당","성과급") values ('201106',104,1680000,1460000,220000,null);
Insert into CONCEPT."급여지급" ("급여월","사원번호","월급여","기본급","수당","성과급") values ('201106',105,1540000,1440000,100000,null);
Insert into CONCEPT."급여지급" ("급여월","사원번호","월급여","기본급","수당","성과급") values ('201106',106,1700000,1400000,100000,200000);
Insert into CONCEPT."급여지급" ("급여월","사원번호","월급여","기본급","수당","성과급") values ('201106',107,1770000,1550000,220000,null);
Insert into CONCEPT."급여지급" ("급여월","사원번호","월급여","기본급","수당","성과급") values ('201106',108,1600000,1500000,100000,null);
Insert into CONCEPT."급여지급" ("급여월","사원번호","월급여","기본급","수당","성과급") values ('201106',109,1470000,1350000,120000,null);
Insert into CONCEPT."급여지급" ("급여월","사원번호","월급여","기본급","수당","성과급") values ('201106',111,1530000,1530000,null,null);
Insert into CONCEPT."급여지급" ("급여월","사원번호","월급여","기본급","수당","성과급") values ('201106',112,1500000,1400000,100000,null);
REM INSERTING into CONCEPT."기타급여"
SET DEFINE OFF;
Insert into CONCEPT."기타급여" ("사원번호","기본수당지급여부","기본수당액","특별수당지급여부","특별수당액","성과급지급여부","성과급") values (101,'Y',100000,null,null,null,null);
Insert into CONCEPT."기타급여" ("사원번호","기본수당지급여부","기본수당액","특별수당지급여부","특별수당액","성과급지급여부","성과급") values (102,'Y',100000,'Y',120000,null,null);
Insert into CONCEPT."기타급여" ("사원번호","기본수당지급여부","기본수당액","특별수당지급여부","특별수당액","성과급지급여부","성과급") values (103,'Y',100000,null,null,'Y',200000);
Insert into CONCEPT."기타급여" ("사원번호","기본수당지급여부","기본수당액","특별수당지급여부","특별수당액","성과급지급여부","성과급") values (104,'Y',100000,'Y',120000,null,null);
Insert into CONCEPT."기타급여" ("사원번호","기본수당지급여부","기본수당액","특별수당지급여부","특별수당액","성과급지급여부","성과급") values (105,'Y',100000,null,null,null,null);
Insert into CONCEPT."기타급여" ("사원번호","기본수당지급여부","기본수당액","특별수당지급여부","특별수당액","성과급지급여부","성과급") values (106,'Y',100000,null,null,'Y',200000);
Insert into CONCEPT."기타급여" ("사원번호","기본수당지급여부","기본수당액","특별수당지급여부","특별수당액","성과급지급여부","성과급") values (107,'Y',100000,'Y',120000,null,null);
Insert into CONCEPT."기타급여" ("사원번호","기본수당지급여부","기본수당액","특별수당지급여부","특별수당액","성과급지급여부","성과급") values (108,'Y',100000,null,null,null,null);
Insert into CONCEPT."기타급여" ("사원번호","기본수당지급여부","기본수당액","특별수당지급여부","특별수당액","성과급지급여부","성과급") values (109,null,null,'Y',120000,null,null);
Insert into CONCEPT."기타급여" ("사원번호","기본수당지급여부","기본수당액","특별수당지급여부","특별수당액","성과급지급여부","성과급") values (110,null,null,null,null,'Y',200000);
Insert into CONCEPT."기타급여" ("사원번호","기본수당지급여부","기본수당액","특별수당지급여부","특별수당액","성과급지급여부","성과급") values (112,'Y',100000,null,null,null,null);
REM INSERTING into CONCEPT."발령이력"
SET DEFINE OFF;
Insert into CONCEPT."발령이력" ("사원번호","이력순번","발령일자","직급","부서코드") values (101,1,to_date('08/03/01','RR/MM/DD'),'사원','30');
Insert into CONCEPT."발령이력" ("사원번호","이력순번","발령일자","직급","부서코드") values (101,2,to_date('10/03/01','RR/MM/DD'),'대리','30');
Insert into CONCEPT."발령이력" ("사원번호","이력순번","발령일자","직급","부서코드") values (102,1,to_date('08/05/01','RR/MM/DD'),'대리','30');
Insert into CONCEPT."발령이력" ("사원번호","이력순번","발령일자","직급","부서코드") values (103,1,to_date('08/12/01','RR/MM/DD'),'사원','20');
Insert into CONCEPT."발령이력" ("사원번호","이력순번","발령일자","직급","부서코드") values (103,2,to_date('10/12/01','RR/MM/DD'),'대리','20');
Insert into CONCEPT."발령이력" ("사원번호","이력순번","발령일자","직급","부서코드") values (104,1,to_date('03/05/01','RR/MM/DD'),'사원','10');
Insert into CONCEPT."발령이력" ("사원번호","이력순번","발령일자","직급","부서코드") values (104,2,to_date('05/05/01','RR/MM/DD'),'대리','10');
Insert into CONCEPT."발령이력" ("사원번호","이력순번","발령일자","직급","부서코드") values (104,3,to_date('08/05/01','RR/MM/DD'),'과장','10');
Insert into CONCEPT."발령이력" ("사원번호","이력순번","발령일자","직급","부서코드") values (105,1,to_date('04/08/01','RR/MM/DD'),'사원','10');
Insert into CONCEPT."발령이력" ("사원번호","이력순번","발령일자","직급","부서코드") values (105,2,to_date('07/08/01','RR/MM/DD'),'대리','10');
Insert into CONCEPT."발령이력" ("사원번호","이력순번","발령일자","직급","부서코드") values (105,3,to_date('10/08/01','RR/MM/DD'),'과장','10');
Insert into CONCEPT."발령이력" ("사원번호","이력순번","발령일자","직급","부서코드") values (106,1,to_date('05/09/01','RR/MM/DD'),'과장','10');
Insert into CONCEPT."발령이력" ("사원번호","이력순번","발령일자","직급","부서코드") values (107,1,to_date('01/10/01','RR/MM/DD'),'차장','30');
Insert into CONCEPT."발령이력" ("사원번호","이력순번","발령일자","직급","부서코드") values (108,1,to_date('01/10/01','RR/MM/DD'),'차장','20');
Insert into CONCEPT."발령이력" ("사원번호","이력순번","발령일자","직급","부서코드") values (109,1,to_date('07/03/01','RR/MM/DD'),'대리','30');
Insert into CONCEPT."발령이력" ("사원번호","이력순번","발령일자","직급","부서코드") values (110,1,to_date('00/03/01','RR/MM/DD'),'차장','10');
Insert into CONCEPT."발령이력" ("사원번호","이력순번","발령일자","직급","부서코드") values (111,1,to_date('03/03/01','RR/MM/DD'),'차장','30');
Insert into CONCEPT."발령이력" ("사원번호","이력순번","발령일자","직급","부서코드") values (112,1,to_date('04/03/01','RR/MM/DD'),'과장','20');
REM INSERTING into CONCEPT."부서"
SET DEFINE OFF;
Insert into CONCEPT."부서" ("부서코드","부서명","지역") values ('10','인사팀','서울');
Insert into CONCEPT."부서" ("부서코드","부서명","지역") values ('20','영업팀','대전');
Insert into CONCEPT."부서" ("부서코드","부서명","지역") values ('30','전산팀','수원');
REM INSERTING into CONCEPT."사원"
SET DEFINE OFF;
Insert into CONCEPT."사원" ("사원번호","사원명","부서코드","직급","입사일자","퇴사일자","급여구분","월급여","등록일시") values (101,'조동진','30','대리',to_date('08/03/01','RR/MM/DD'),null,'연봉',1400000,to_date('08/03/01','RR/MM/DD'));
Insert into CONCEPT."사원" ("사원번호","사원명","부서코드","직급","입사일자","퇴사일자","급여구분","월급여","등록일시") values (102,'한영애','30','대리',to_date('08/05/01','RR/MM/DD'),to_date('10/12/01','RR/MM/DD'),'연봉',1540000,to_date('08/05/01','RR/MM/DD'));
Insert into CONCEPT."사원" ("사원번호","사원명","부서코드","직급","입사일자","퇴사일자","급여구분","월급여","등록일시") values (103,'조규찬','20','대리',to_date('08/12/01','RR/MM/DD'),null,'금액',1600000,to_date('08/12/01','RR/MM/DD'));
Insert into CONCEPT."사원" ("사원번호","사원명","부서코드","직급","입사일자","퇴사일자","급여구분","월급여","등록일시") values (104,'이상은','10','과장',to_date('03/05/01','RR/MM/DD'),null,'연봉',1680000,to_date('03/05/01','RR/MM/DD'));
Insert into CONCEPT."사원" ("사원번호","사원명","부서코드","직급","입사일자","퇴사일자","급여구분","월급여","등록일시") values (105,'조덕배','10','과장',to_date('04/08/01','RR/MM/DD'),null,'호봉',1540000,to_date('04/08/01','RR/MM/DD'));
Insert into CONCEPT."사원" ("사원번호","사원명","부서코드","직급","입사일자","퇴사일자","급여구분","월급여","등록일시") values (106,'장필순','10','과장',to_date('05/09/01','RR/MM/DD'),null,'호봉',1700000,to_date('05/09/01','RR/MM/DD'));
Insert into CONCEPT."사원" ("사원번호","사원명","부서코드","직급","입사일자","퇴사일자","급여구분","월급여","등록일시") values (107,'오석준','30','차장',to_date('01/10/01','RR/MM/DD'),null,'금액',1770000,to_date('01/10/01','RR/MM/DD'));
Insert into CONCEPT."사원" ("사원번호","사원명","부서코드","직급","입사일자","퇴사일자","급여구분","월급여","등록일시") values (108,'이규석','20','차장',to_date('01/10/01','RR/MM/DD'),null,'호봉',1600000,to_date('01/10/01','RR/MM/DD'));
Insert into CONCEPT."사원" ("사원번호","사원명","부서코드","직급","입사일자","퇴사일자","급여구분","월급여","등록일시") values (109,'전수경','30','대리',to_date('07/03/01','RR/MM/DD'),null,'연봉',1470000,to_date('07/03/01','RR/MM/DD'));
Insert into CONCEPT."사원" ("사원번호","사원명","부서코드","직급","입사일자","퇴사일자","급여구분","월급여","등록일시") values (110,'이선희','10','차장',to_date('00/03/01','RR/MM/DD'),to_date('07/12/01','RR/MM/DD'),'호봉',1790000,to_date('00/03/01','RR/MM/DD'));
Insert into CONCEPT."사원" ("사원번호","사원명","부서코드","직급","입사일자","퇴사일자","급여구분","월급여","등록일시") values (111,'김창완','30','차장',to_date('03/03/01','RR/MM/DD'),null,'연봉',1530000,to_date('03/03/01','RR/MM/DD'));
Insert into CONCEPT."사원" ("사원번호","사원명","부서코드","직급","입사일자","퇴사일자","급여구분","월급여","등록일시") values (112,'이현우','20','과장',to_date('04/03/01','RR/MM/DD'),null,'금액',1500000,to_date('04/03/01','RR/MM/DD'));
REM INSERTING into CONCEPT."연봉제급여"
SET DEFINE OFF;
Insert into CONCEPT."연봉제급여" ("사원번호","연봉액","월기본급") values (101,15600000,1300000);
Insert into CONCEPT."연봉제급여" ("사원번호","연봉액","월기본급") values (102,15840000,1320000);
Insert into CONCEPT."연봉제급여" ("사원번호","연봉액","월기본급") values (104,17520000,1460000);
Insert into CONCEPT."연봉제급여" ("사원번호","연봉액","월기본급") values (109,16200000,1350000);
Insert into CONCEPT."연봉제급여" ("사원번호","연봉액","월기본급") values (111,18360000,1530000);
REM INSERTING into CONCEPT."호봉제급여"
SET DEFINE OFF;
Insert into CONCEPT."호봉제급여" ("사원번호","호봉","월기본급") values (105,9,1440000);
Insert into CONCEPT."호봉제급여" ("사원번호","호봉","월기본급") values (106,8,1400000);
Insert into CONCEPT."호봉제급여" ("사원번호","호봉","월기본급") values (108,11,1500000);
Insert into CONCEPT."호봉제급여" ("사원번호","호봉","월기본급") values (110,13,1590000);
